entropy,error
2.069448505134624400315580038454216638076752551681657024836949915356484370107850155750514528783631555268786576290606291312257615342869729133605220693659,6.55630203949980784672e-62
